"id","principal","contact_number","created_at","updated_at"
"0","None",,NULL,NULL
"2","GCI","09455946843","2020-05-13 01:07:59","2020-05-13 01:07:59"
"3","PFC","09455946843","2020-05-21 00:50:32","2020-05-21 00:50:32"
"4","EPI","09455946843","2020-05-22 05:06:50","2020-05-22 05:06:50"
"5","DOLE","09455946843","2020-06-03 01:01:25","2020-06-03 01:01:25"
"6","ALASKA","09455946843","2020-06-08 02:28:54","2020-06-08 02:28:54"
"7","CIFPI","09455946843","2020-06-15 00:50:09","2020-06-15 00:50:09"
"8","PPMC","09455946843","2020-06-18 04:51:13","2020-06-18 04:51:13"
"10","SUNPRIDE FOODS","00000000","2022-01-05 02:53:18","2022-01-05 02:53:18"
